,game,model,experiment,episode,metric,value
0,textmapworld,folder,large,episode_00021,Success,0.0
1,textmapworld,folder,large,episode_00021,Aborted,0.0
2,textmapworld,folder,large,episode_00021,Lose,1.0
3,textmapworld,folder,large,episode_00021,moves,2.0
4,textmapworld,folder,large,episode_00021,valid_moves,2.0
5,textmapworld,folder,large,episode_00021,invalid_moves,0.0
6,textmapworld,folder,large,episode_00021,stopped,1.0
7,textmapworld,folder,large,episode_00021,turns_limit,0.0
8,textmapworld,folder,large,episode_00021,loops,0.0
9,textmapworld,folder,large,episode_00021,number_visited,1.0
10,textmapworld,folder,large,episode_00021,seen,2.0
11,textmapworld,folder,large,episode_00021,efficiency,0.0
12,textmapworld,folder,large,episode_00021,exploration,12.5
13,textmapworld,folder,large,episode_00021,Main Score,0.0
14,textmapworld,folder,large,episode_00022,Success,0.0
15,textmapworld,folder,large,episode_00022,Aborted,0.0
16,textmapworld,folder,large,episode_00022,Lose,1.0
17,textmapworld,folder,large,episode_00022,moves,2.0
18,textmapworld,folder,large,episode_00022,valid_moves,2.0
19,textmapworld,folder,large,episode_00022,invalid_moves,0.0
20,textmapworld,folder,large,episode_00022,stopped,1.0
21,textmapworld,folder,large,episode_00022,turns_limit,0.0
22,textmapworld,folder,large,episode_00022,loops,0.0
23,textmapworld,folder,large,episode_00022,number_visited,1.0
24,textmapworld,folder,large,episode_00022,seen,2.0
25,textmapworld,folder,large,episode_00022,efficiency,0.0
26,textmapworld,folder,large,episode_00022,exploration,12.5
27,textmapworld,folder,large,episode_00022,Main Score,0.0
28,textmapworld,folder,large,episode_00023,Success,0.0
29,textmapworld,folder,large,episode_00023,Aborted,0.0
30,textmapworld,folder,large,episode_00023,Lose,1.0
31,textmapworld,folder,large,episode_00023,moves,2.0
32,textmapworld,folder,large,episode_00023,valid_moves,2.0
33,textmapworld,folder,large,episode_00023,invalid_moves,0.0
34,textmapworld,folder,large,episode_00023,stopped,1.0
35,textmapworld,folder,large,episode_00023,turns_limit,0.0
36,textmapworld,folder,large,episode_00023,loops,0.0
37,textmapworld,folder,large,episode_00023,number_visited,1.0
38,textmapworld,folder,large,episode_00023,seen,2.0
39,textmapworld,folder,large,episode_00023,efficiency,0.0
40,textmapworld,folder,large,episode_00023,exploration,12.5
41,textmapworld,folder,large,episode_00023,Main Score,0.0
42,textmapworld,folder,large,episode_00024,Success,0.0
43,textmapworld,folder,large,episode_00024,Aborted,0.0
44,textmapworld,folder,large,episode_00024,Lose,1.0
45,textmapworld,folder,large,episode_00024,moves,3.0
46,textmapworld,folder,large,episode_00024,valid_moves,3.0
47,textmapworld,folder,large,episode_00024,invalid_moves,0.0
48,textmapworld,folder,large,episode_00024,stopped,1.0
49,textmapworld,folder,large,episode_00024,turns_limit,0.0
50,textmapworld,folder,large,episode_00024,loops,1.0
51,textmapworld,folder,large,episode_00024,number_visited,1.0
52,textmapworld,folder,large,episode_00024,seen,2.0
53,textmapworld,folder,large,episode_00024,efficiency,0.0
54,textmapworld,folder,large,episode_00024,exploration,12.5
55,textmapworld,folder,large,episode_00024,Main Score,0.0
56,textmapworld,folder,large,episode_00025,Success,0.0
57,textmapworld,folder,large,episode_00025,Aborted,0.0
58,textmapworld,folder,large,episode_00025,Lose,1.0
59,textmapworld,folder,large,episode_00025,moves,2.0
60,textmapworld,folder,large,episode_00025,valid_moves,2.0
61,textmapworld,folder,large,episode_00025,invalid_moves,0.0
62,textmapworld,folder,large,episode_00025,stopped,1.0
63,textmapworld,folder,large,episode_00025,turns_limit,0.0
64,textmapworld,folder,large,episode_00025,loops,0.0
65,textmapworld,folder,large,episode_00025,number_visited,1.0
66,textmapworld,folder,large,episode_00025,seen,2.0
67,textmapworld,folder,large,episode_00025,efficiency,0.0
68,textmapworld,folder,large,episode_00025,exploration,12.5
69,textmapworld,folder,large,episode_00025,Main Score,0.0
70,textmapworld,folder,large,episode_00026,Success,0.0
71,textmapworld,folder,large,episode_00026,Aborted,0.0
72,textmapworld,folder,large,episode_00026,Lose,1.0
73,textmapworld,folder,large,episode_00026,moves,2.0
74,textmapworld,folder,large,episode_00026,valid_moves,2.0
75,textmapworld,folder,large,episode_00026,invalid_moves,0.0
76,textmapworld,folder,large,episode_00026,stopped,1.0
77,textmapworld,folder,large,episode_00026,turns_limit,0.0
78,textmapworld,folder,large,episode_00026,loops,0.0
79,textmapworld,folder,large,episode_00026,number_visited,1.0
80,textmapworld,folder,large,episode_00026,seen,3.0
81,textmapworld,folder,large,episode_00026,efficiency,0.0
82,textmapworld,folder,large,episode_00026,exploration,12.5
83,textmapworld,folder,large,episode_00026,Main Score,0.0
84,textmapworld,folder,large,episode_00027,Success,0.0
85,textmapworld,folder,large,episode_00027,Aborted,0.0
86,textmapworld,folder,large,episode_00027,Lose,1.0
87,textmapworld,folder,large,episode_00027,moves,3.0
88,textmapworld,folder,large,episode_00027,valid_moves,3.0
89,textmapworld,folder,large,episode_00027,invalid_moves,0.0
90,textmapworld,folder,large,episode_00027,stopped,1.0
91,textmapworld,folder,large,episode_00027,turns_limit,0.0
92,textmapworld,folder,large,episode_00027,loops,1.0
93,textmapworld,folder,large,episode_00027,number_visited,1.0
94,textmapworld,folder,large,episode_00027,seen,2.0
95,textmapworld,folder,large,episode_00027,efficiency,0.0
96,textmapworld,folder,large,episode_00027,exploration,12.5
97,textmapworld,folder,large,episode_00027,Main Score,0.0
98,textmapworld,folder,large,episode_00028,Success,0.0
99,textmapworld,folder,large,episode_00028,Aborted,0.0
100,textmapworld,folder,large,episode_00028,Lose,1.0
101,textmapworld,folder,large,episode_00028,moves,2.0
102,textmapworld,folder,large,episode_00028,valid_moves,2.0
103,textmapworld,folder,large,episode_00028,invalid_moves,0.0
104,textmapworld,folder,large,episode_00028,stopped,1.0
105,textmapworld,folder,large,episode_00028,turns_limit,0.0
106,textmapworld,folder,large,episode_00028,loops,0.0
107,textmapworld,folder,large,episode_00028,number_visited,1.0
108,textmapworld,folder,large,episode_00028,seen,3.0
109,textmapworld,folder,large,episode_00028,efficiency,0.0
110,textmapworld,folder,large,episode_00028,exploration,12.5
111,textmapworld,folder,large,episode_00028,Main Score,0.0
112,textmapworld,folder,large,episode_00029,Success,0.0
113,textmapworld,folder,large,episode_00029,Aborted,0.0
114,textmapworld,folder,large,episode_00029,Lose,1.0
115,textmapworld,folder,large,episode_00029,moves,3.0
116,textmapworld,folder,large,episode_00029,valid_moves,3.0
117,textmapworld,folder,large,episode_00029,invalid_moves,0.0
118,textmapworld,folder,large,episode_00029,stopped,1.0
119,textmapworld,folder,large,episode_00029,turns_limit,0.0
120,textmapworld,folder,large,episode_00029,loops,1.0
121,textmapworld,folder,large,episode_00029,number_visited,1.0
122,textmapworld,folder,large,episode_00029,seen,3.0
123,textmapworld,folder,large,episode_00029,efficiency,0.0
124,textmapworld,folder,large,episode_00029,exploration,12.5
125,textmapworld,folder,large,episode_00029,Main Score,0.0
126,textmapworld,folder,large,episode_00030,Success,0.0
127,textmapworld,folder,large,episode_00030,Aborted,0.0
128,textmapworld,folder,large,episode_00030,Lose,1.0
129,textmapworld,folder,large,episode_00030,moves,3.0
130,textmapworld,folder,large,episode_00030,valid_moves,3.0
131,textmapworld,folder,large,episode_00030,invalid_moves,0.0
132,textmapworld,folder,large,episode_00030,stopped,1.0
133,textmapworld,folder,large,episode_00030,turns_limit,0.0
134,textmapworld,folder,large,episode_00030,loops,1.0
135,textmapworld,folder,large,episode_00030,number_visited,1.0
136,textmapworld,folder,large,episode_00030,seen,2.0
137,textmapworld,folder,large,episode_00030,efficiency,0.0
138,textmapworld,folder,large,episode_00030,exploration,12.5
139,textmapworld,folder,large,episode_00030,Main Score,0.0
140,textmapworld,folder,large_cycle,episode_00041,Success,0.0
141,textmapworld,folder,large_cycle,episode_00041,Aborted,0.0
142,textmapworld,folder,large_cycle,episode_00041,Lose,1.0
143,textmapworld,folder,large_cycle,episode_00041,moves,2.0
144,textmapworld,folder,large_cycle,episode_00041,valid_moves,2.0
145,textmapworld,folder,large_cycle,episode_00041,invalid_moves,0.0
146,textmapworld,folder,large_cycle,episode_00041,stopped,1.0
147,textmapworld,folder,large_cycle,episode_00041,turns_limit,0.0
148,textmapworld,folder,large_cycle,episode_00041,loops,0.0
149,textmapworld,folder,large_cycle,episode_00041,number_visited,1.0
150,textmapworld,folder,large_cycle,episode_00041,seen,5.0
151,textmapworld,folder,large_cycle,episode_00041,efficiency,0.0
152,textmapworld,folder,large_cycle,episode_00041,exploration,12.5
153,textmapworld,folder,large_cycle,episode_00041,Main Score,0.0
154,textmapworld,folder,large_cycle,episode_00042,Success,0.0
155,textmapworld,folder,large_cycle,episode_00042,Aborted,0.0
156,textmapworld,folder,large_cycle,episode_00042,Lose,1.0
157,textmapworld,folder,large_cycle,episode_00042,moves,3.0
158,textmapworld,folder,large_cycle,episode_00042,valid_moves,3.0
159,textmapworld,folder,large_cycle,episode_00042,invalid_moves,0.0
160,textmapworld,folder,large_cycle,episode_00042,stopped,1.0
161,textmapworld,folder,large_cycle,episode_00042,turns_limit,0.0
162,textmapworld,folder,large_cycle,episode_00042,loops,1.0
163,textmapworld,folder,large_cycle,episode_00042,number_visited,1.0
164,textmapworld,folder,large_cycle,episode_00042,seen,3.0
165,textmapworld,folder,large_cycle,episode_00042,efficiency,0.0
166,textmapworld,folder,large_cycle,episode_00042,exploration,12.5
167,textmapworld,folder,large_cycle,episode_00042,Main Score,0.0
168,textmapworld,folder,large_cycle,episode_00043,Success,0.0
169,textmapworld,folder,large_cycle,episode_00043,Aborted,0.0
170,textmapworld,folder,large_cycle,episode_00043,Lose,1.0
171,textmapworld,folder,large_cycle,episode_00043,moves,3.0
172,textmapworld,folder,large_cycle,episode_00043,valid_moves,3.0
173,textmapworld,folder,large_cycle,episode_00043,invalid_moves,0.0
174,textmapworld,folder,large_cycle,episode_00043,stopped,1.0
175,textmapworld,folder,large_cycle,episode_00043,turns_limit,0.0
176,textmapworld,folder,large_cycle,episode_00043,loops,1.0
177,textmapworld,folder,large_cycle,episode_00043,number_visited,1.0
178,textmapworld,folder,large_cycle,episode_00043,seen,4.0
179,textmapworld,folder,large_cycle,episode_00043,efficiency,0.0
180,textmapworld,folder,large_cycle,episode_00043,exploration,12.5
181,textmapworld,folder,large_cycle,episode_00043,Main Score,0.0
182,textmapworld,folder,large_cycle,episode_00044,Success,0.0
183,textmapworld,folder,large_cycle,episode_00044,Aborted,0.0
184,textmapworld,folder,large_cycle,episode_00044,Lose,1.0
185,textmapworld,folder,large_cycle,episode_00044,moves,3.0
186,textmapworld,folder,large_cycle,episode_00044,valid_moves,3.0
187,textmapworld,folder,large_cycle,episode_00044,invalid_moves,0.0
188,textmapworld,folder,large_cycle,episode_00044,stopped,1.0
189,textmapworld,folder,large_cycle,episode_00044,turns_limit,0.0
190,textmapworld,folder,large_cycle,episode_00044,loops,1.0
191,textmapworld,folder,large_cycle,episode_00044,number_visited,1.0
192,textmapworld,folder,large_cycle,episode_00044,seen,2.0
193,textmapworld,folder,large_cycle,episode_00044,efficiency,0.0
194,textmapworld,folder,large_cycle,episode_00044,exploration,12.5
195,textmapworld,folder,large_cycle,episode_00044,Main Score,0.0
196,textmapworld,folder,large_cycle,episode_00045,Success,0.0
197,textmapworld,folder,large_cycle,episode_00045,Aborted,0.0
198,textmapworld,folder,large_cycle,episode_00045,Lose,1.0
199,textmapworld,folder,large_cycle,episode_00045,moves,3.0
200,textmapworld,folder,large_cycle,episode_00045,valid_moves,3.0
201,textmapworld,folder,large_cycle,episode_00045,invalid_moves,0.0
202,textmapworld,folder,large_cycle,episode_00045,stopped,1.0
203,textmapworld,folder,large_cycle,episode_00045,turns_limit,0.0
204,textmapworld,folder,large_cycle,episode_00045,loops,1.0
205,textmapworld,folder,large_cycle,episode_00045,number_visited,1.0
206,textmapworld,folder,large_cycle,episode_00045,seen,4.0
207,textmapworld,folder,large_cycle,episode_00045,efficiency,0.0
208,textmapworld,folder,large_cycle,episode_00045,exploration,12.5
209,textmapworld,folder,large_cycle,episode_00045,Main Score,0.0
210,textmapworld,folder,large_cycle,episode_00046,Success,0.0
211,textmapworld,folder,large_cycle,episode_00046,Aborted,0.0
212,textmapworld,folder,large_cycle,episode_00046,Lose,1.0
213,textmapworld,folder,large_cycle,episode_00046,moves,3.0
214,textmapworld,folder,large_cycle,episode_00046,valid_moves,3.0
215,textmapworld,folder,large_cycle,episode_00046,invalid_moves,0.0
216,textmapworld,folder,large_cycle,episode_00046,stopped,1.0
217,textmapworld,folder,large_cycle,episode_00046,turns_limit,0.0
218,textmapworld,folder,large_cycle,episode_00046,loops,1.0
219,textmapworld,folder,large_cycle,episode_00046,number_visited,1.0
220,textmapworld,folder,large_cycle,episode_00046,seen,4.0
221,textmapworld,folder,large_cycle,episode_00046,efficiency,0.0
222,textmapworld,folder,large_cycle,episode_00046,exploration,12.5
223,textmapworld,folder,large_cycle,episode_00046,Main Score,0.0
224,textmapworld,folder,large_cycle,episode_00047,Success,0.0
225,textmapworld,folder,large_cycle,episode_00047,Aborted,0.0
226,textmapworld,folder,large_cycle,episode_00047,Lose,1.0
227,textmapworld,folder,large_cycle,episode_00047,moves,3.0
228,textmapworld,folder,large_cycle,episode_00047,valid_moves,3.0
229,textmapworld,folder,large_cycle,episode_00047,invalid_moves,0.0
230,textmapworld,folder,large_cycle,episode_00047,stopped,1.0
231,textmapworld,folder,large_cycle,episode_00047,turns_limit,0.0
232,textmapworld,folder,large_cycle,episode_00047,loops,1.0
233,textmapworld,folder,large_cycle,episode_00047,number_visited,1.0
234,textmapworld,folder,large_cycle,episode_00047,seen,3.0
235,textmapworld,folder,large_cycle,episode_00047,efficiency,0.0
236,textmapworld,folder,large_cycle,episode_00047,exploration,12.5
237,textmapworld,folder,large_cycle,episode_00047,Main Score,0.0
238,textmapworld,folder,large_cycle,episode_00048,Success,0.0
239,textmapworld,folder,large_cycle,episode_00048,Aborted,0.0
240,textmapworld,folder,large_cycle,episode_00048,Lose,1.0
241,textmapworld,folder,large_cycle,episode_00048,moves,2.0
242,textmapworld,folder,large_cycle,episode_00048,valid_moves,2.0
243,textmapworld,folder,large_cycle,episode_00048,invalid_moves,0.0
244,textmapworld,folder,large_cycle,episode_00048,stopped,1.0
245,textmapworld,folder,large_cycle,episode_00048,turns_limit,0.0
246,textmapworld,folder,large_cycle,episode_00048,loops,0.0
247,textmapworld,folder,large_cycle,episode_00048,number_visited,1.0
248,textmapworld,folder,large_cycle,episode_00048,seen,2.0
249,textmapworld,folder,large_cycle,episode_00048,efficiency,0.0
250,textmapworld,folder,large_cycle,episode_00048,exploration,12.5
251,textmapworld,folder,large_cycle,episode_00048,Main Score,0.0
252,textmapworld,folder,large_cycle,episode_00049,Success,0.0
253,textmapworld,folder,large_cycle,episode_00049,Aborted,0.0
254,textmapworld,folder,large_cycle,episode_00049,Lose,1.0
255,textmapworld,folder,large_cycle,episode_00049,moves,3.0
256,textmapworld,folder,large_cycle,episode_00049,valid_moves,3.0
257,textmapworld,folder,large_cycle,episode_00049,invalid_moves,0.0
258,textmapworld,folder,large_cycle,episode_00049,stopped,1.0
259,textmapworld,folder,large_cycle,episode_00049,turns_limit,0.0
260,textmapworld,folder,large_cycle,episode_00049,loops,1.0
261,textmapworld,folder,large_cycle,episode_00049,number_visited,1.0
262,textmapworld,folder,large_cycle,episode_00049,seen,3.0
263,textmapworld,folder,large_cycle,episode_00049,efficiency,0.0
264,textmapworld,folder,large_cycle,episode_00049,exploration,12.5
265,textmapworld,folder,large_cycle,episode_00049,Main Score,0.0
266,textmapworld,folder,large_cycle,episode_00050,Success,0.0
267,textmapworld,folder,large_cycle,episode_00050,Aborted,0.0
268,textmapworld,folder,large_cycle,episode_00050,Lose,1.0
269,textmapworld,folder,large_cycle,episode_00050,moves,3.0
270,textmapworld,folder,large_cycle,episode_00050,valid_moves,3.0
271,textmapworld,folder,large_cycle,episode_00050,invalid_moves,0.0
272,textmapworld,folder,large_cycle,episode_00050,stopped,1.0
273,textmapworld,folder,large_cycle,episode_00050,turns_limit,0.0
274,textmapworld,folder,large_cycle,episode_00050,loops,1.0
275,textmapworld,folder,large_cycle,episode_00050,number_visited,1.0
276,textmapworld,folder,large_cycle,episode_00050,seen,4.0
277,textmapworld,folder,large_cycle,episode_00050,efficiency,0.0
278,textmapworld,folder,large_cycle,episode_00050,exploration,12.5
279,textmapworld,folder,large_cycle,episode_00050,Main Score,0.0
280,textmapworld,folder,medium,episode_00011,Success,0.0
281,textmapworld,folder,medium,episode_00011,Aborted,0.0
282,textmapworld,folder,medium,episode_00011,Lose,1.0
283,textmapworld,folder,medium,episode_00011,moves,3.0
284,textmapworld,folder,medium,episode_00011,valid_moves,3.0
285,textmapworld,folder,medium,episode_00011,invalid_moves,0.0
286,textmapworld,folder,medium,episode_00011,stopped,1.0
287,textmapworld,folder,medium,episode_00011,turns_limit,0.0
288,textmapworld,folder,medium,episode_00011,loops,1.0
289,textmapworld,folder,medium,episode_00011,number_visited,1.0
290,textmapworld,folder,medium,episode_00011,seen,3.0
291,textmapworld,folder,medium,episode_00011,efficiency,0.0
292,textmapworld,folder,medium,episode_00011,exploration,16.666666666666664
293,textmapworld,folder,medium,episode_00011,Main Score,0.0
294,textmapworld,folder,medium,episode_00012,Success,0.0
295,textmapworld,folder,medium,episode_00012,Aborted,0.0
296,textmapworld,folder,medium,episode_00012,Lose,1.0
297,textmapworld,folder,medium,episode_00012,moves,3.0
298,textmapworld,folder,medium,episode_00012,valid_moves,3.0
299,textmapworld,folder,medium,episode_00012,invalid_moves,0.0
300,textmapworld,folder,medium,episode_00012,stopped,1.0
301,textmapworld,folder,medium,episode_00012,turns_limit,0.0
302,textmapworld,folder,medium,episode_00012,loops,1.0
303,textmapworld,folder,medium,episode_00012,number_visited,1.0
304,textmapworld,folder,medium,episode_00012,seen,2.0
305,textmapworld,folder,medium,episode_00012,efficiency,0.0
306,textmapworld,folder,medium,episode_00012,exploration,16.666666666666664
307,textmapworld,folder,medium,episode_00012,Main Score,0.0
308,textmapworld,folder,medium,episode_00013,Success,0.0
309,textmapworld,folder,medium,episode_00013,Aborted,0.0
310,textmapworld,folder,medium,episode_00013,Lose,1.0
311,textmapworld,folder,medium,episode_00013,moves,3.0
312,textmapworld,folder,medium,episode_00013,valid_moves,3.0
313,textmapworld,folder,medium,episode_00013,invalid_moves,0.0
314,textmapworld,folder,medium,episode_00013,stopped,1.0
315,textmapworld,folder,medium,episode_00013,turns_limit,0.0
316,textmapworld,folder,medium,episode_00013,loops,1.0
317,textmapworld,folder,medium,episode_00013,number_visited,1.0
318,textmapworld,folder,medium,episode_00013,seen,4.0
319,textmapworld,folder,medium,episode_00013,efficiency,0.0
320,textmapworld,folder,medium,episode_00013,exploration,16.666666666666664
321,textmapworld,folder,medium,episode_00013,Main Score,0.0
322,textmapworld,folder,medium,episode_00014,Success,0.0
323,textmapworld,folder,medium,episode_00014,Aborted,0.0
324,textmapworld,folder,medium,episode_00014,Lose,1.0
325,textmapworld,folder,medium,episode_00014,moves,3.0
326,textmapworld,folder,medium,episode_00014,valid_moves,3.0
327,textmapworld,folder,medium,episode_00014,invalid_moves,0.0
328,textmapworld,folder,medium,episode_00014,stopped,1.0
329,textmapworld,folder,medium,episode_00014,turns_limit,0.0
330,textmapworld,folder,medium,episode_00014,loops,1.0
331,textmapworld,folder,medium,episode_00014,number_visited,1.0
332,textmapworld,folder,medium,episode_00014,seen,3.0
333,textmapworld,folder,medium,episode_00014,efficiency,0.0
334,textmapworld,folder,medium,episode_00014,exploration,16.666666666666664
335,textmapworld,folder,medium,episode_00014,Main Score,0.0
336,textmapworld,folder,medium,episode_00015,Success,0.0
337,textmapworld,folder,medium,episode_00015,Aborted,0.0
338,textmapworld,folder,medium,episode_00015,Lose,1.0
339,textmapworld,folder,medium,episode_00015,moves,3.0
340,textmapworld,folder,medium,episode_00015,valid_moves,3.0
341,textmapworld,folder,medium,episode_00015,invalid_moves,0.0
342,textmapworld,folder,medium,episode_00015,stopped,1.0
343,textmapworld,folder,medium,episode_00015,turns_limit,0.0
344,textmapworld,folder,medium,episode_00015,loops,1.0
345,textmapworld,folder,medium,episode_00015,number_visited,1.0
346,textmapworld,folder,medium,episode_00015,seen,3.0
347,textmapworld,folder,medium,episode_00015,efficiency,0.0
348,textmapworld,folder,medium,episode_00015,exploration,16.666666666666664
349,textmapworld,folder,medium,episode_00015,Main Score,0.0
350,textmapworld,folder,medium,episode_00016,Success,0.0
351,textmapworld,folder,medium,episode_00016,Aborted,0.0
352,textmapworld,folder,medium,episode_00016,Lose,1.0
353,textmapworld,folder,medium,episode_00016,moves,3.0
354,textmapworld,folder,medium,episode_00016,valid_moves,3.0
355,textmapworld,folder,medium,episode_00016,invalid_moves,0.0
356,textmapworld,folder,medium,episode_00016,stopped,1.0
357,textmapworld,folder,medium,episode_00016,turns_limit,0.0
358,textmapworld,folder,medium,episode_00016,loops,1.0
359,textmapworld,folder,medium,episode_00016,number_visited,1.0
360,textmapworld,folder,medium,episode_00016,seen,3.0
361,textmapworld,folder,medium,episode_00016,efficiency,0.0
362,textmapworld,folder,medium,episode_00016,exploration,16.666666666666664
363,textmapworld,folder,medium,episode_00016,Main Score,0.0
364,textmapworld,folder,medium,episode_00017,Success,0.0
365,textmapworld,folder,medium,episode_00017,Aborted,0.0
366,textmapworld,folder,medium,episode_00017,Lose,1.0
367,textmapworld,folder,medium,episode_00017,moves,3.0
368,textmapworld,folder,medium,episode_00017,valid_moves,3.0
369,textmapworld,folder,medium,episode_00017,invalid_moves,0.0
370,textmapworld,folder,medium,episode_00017,stopped,1.0
371,textmapworld,folder,medium,episode_00017,turns_limit,0.0
372,textmapworld,folder,medium,episode_00017,loops,1.0
373,textmapworld,folder,medium,episode_00017,number_visited,1.0
374,textmapworld,folder,medium,episode_00017,seen,2.0
375,textmapworld,folder,medium,episode_00017,efficiency,0.0
376,textmapworld,folder,medium,episode_00017,exploration,16.666666666666664
377,textmapworld,folder,medium,episode_00017,Main Score,0.0
378,textmapworld,folder,medium,episode_00018,Success,0.0
379,textmapworld,folder,medium,episode_00018,Aborted,0.0
380,textmapworld,folder,medium,episode_00018,Lose,1.0
381,textmapworld,folder,medium,episode_00018,moves,3.0
382,textmapworld,folder,medium,episode_00018,valid_moves,3.0
383,textmapworld,folder,medium,episode_00018,invalid_moves,0.0
384,textmapworld,folder,medium,episode_00018,stopped,1.0
385,textmapworld,folder,medium,episode_00018,turns_limit,0.0
386,textmapworld,folder,medium,episode_00018,loops,1.0
387,textmapworld,folder,medium,episode_00018,number_visited,1.0
388,textmapworld,folder,medium,episode_00018,seen,3.0
389,textmapworld,folder,medium,episode_00018,efficiency,0.0
390,textmapworld,folder,medium,episode_00018,exploration,16.666666666666664
391,textmapworld,folder,medium,episode_00018,Main Score,0.0
392,textmapworld,folder,medium,episode_00019,Success,0.0
393,textmapworld,folder,medium,episode_00019,Aborted,0.0
394,textmapworld,folder,medium,episode_00019,Lose,1.0
395,textmapworld,folder,medium,episode_00019,moves,2.0
396,textmapworld,folder,medium,episode_00019,valid_moves,2.0
397,textmapworld,folder,medium,episode_00019,invalid_moves,0.0
398,textmapworld,folder,medium,episode_00019,stopped,1.0
399,textmapworld,folder,medium,episode_00019,turns_limit,0.0
400,textmapworld,folder,medium,episode_00019,loops,0.0
401,textmapworld,folder,medium,episode_00019,number_visited,1.0
402,textmapworld,folder,medium,episode_00019,seen,2.0
403,textmapworld,folder,medium,episode_00019,efficiency,0.0
404,textmapworld,folder,medium,episode_00019,exploration,16.666666666666664
405,textmapworld,folder,medium,episode_00019,Main Score,0.0
406,textmapworld,folder,medium,episode_00020,Success,0.0
407,textmapworld,folder,medium,episode_00020,Aborted,0.0
408,textmapworld,folder,medium,episode_00020,Lose,1.0
409,textmapworld,folder,medium,episode_00020,moves,2.0
410,textmapworld,folder,medium,episode_00020,valid_moves,2.0
411,textmapworld,folder,medium,episode_00020,invalid_moves,0.0
412,textmapworld,folder,medium,episode_00020,stopped,1.0
413,textmapworld,folder,medium,episode_00020,turns_limit,0.0
414,textmapworld,folder,medium,episode_00020,loops,0.0
415,textmapworld,folder,medium,episode_00020,number_visited,1.0
416,textmapworld,folder,medium,episode_00020,seen,3.0
417,textmapworld,folder,medium,episode_00020,efficiency,0.0
418,textmapworld,folder,medium,episode_00020,exploration,16.666666666666664
419,textmapworld,folder,medium,episode_00020,Main Score,0.0
420,textmapworld,folder,medium_cycle,episode_00031,Success,0.0
421,textmapworld,folder,medium_cycle,episode_00031,Aborted,0.0
422,textmapworld,folder,medium_cycle,episode_00031,Lose,1.0
423,textmapworld,folder,medium_cycle,episode_00031,moves,3.0
424,textmapworld,folder,medium_cycle,episode_00031,valid_moves,3.0
425,textmapworld,folder,medium_cycle,episode_00031,invalid_moves,0.0
426,textmapworld,folder,medium_cycle,episode_00031,stopped,1.0
427,textmapworld,folder,medium_cycle,episode_00031,turns_limit,0.0
428,textmapworld,folder,medium_cycle,episode_00031,loops,1.0
429,textmapworld,folder,medium_cycle,episode_00031,number_visited,1.0
430,textmapworld,folder,medium_cycle,episode_00031,seen,3.0
431,textmapworld,folder,medium_cycle,episode_00031,efficiency,0.0
432,textmapworld,folder,medium_cycle,episode_00031,exploration,16.666666666666664
433,textmapworld,folder,medium_cycle,episode_00031,Main Score,0.0
434,textmapworld,folder,medium_cycle,episode_00032,Success,0.0
435,textmapworld,folder,medium_cycle,episode_00032,Aborted,0.0
436,textmapworld,folder,medium_cycle,episode_00032,Lose,1.0
437,textmapworld,folder,medium_cycle,episode_00032,moves,3.0
438,textmapworld,folder,medium_cycle,episode_00032,valid_moves,3.0
439,textmapworld,folder,medium_cycle,episode_00032,invalid_moves,0.0
440,textmapworld,folder,medium_cycle,episode_00032,stopped,1.0
441,textmapworld,folder,medium_cycle,episode_00032,turns_limit,0.0
442,textmapworld,folder,medium_cycle,episode_00032,loops,1.0
443,textmapworld,folder,medium_cycle,episode_00032,number_visited,1.0
444,textmapworld,folder,medium_cycle,episode_00032,seen,2.0
445,textmapworld,folder,medium_cycle,episode_00032,efficiency,0.0
446,textmapworld,folder,medium_cycle,episode_00032,exploration,16.666666666666664
447,textmapworld,folder,medium_cycle,episode_00032,Main Score,0.0
448,textmapworld,folder,medium_cycle,episode_00033,Success,0.0
449,textmapworld,folder,medium_cycle,episode_00033,Aborted,0.0
450,textmapworld,folder,medium_cycle,episode_00033,Lose,1.0
451,textmapworld,folder,medium_cycle,episode_00033,moves,2.0
452,textmapworld,folder,medium_cycle,episode_00033,valid_moves,2.0
453,textmapworld,folder,medium_cycle,episode_00033,invalid_moves,0.0
454,textmapworld,folder,medium_cycle,episode_00033,stopped,1.0
455,textmapworld,folder,medium_cycle,episode_00033,turns_limit,0.0
456,textmapworld,folder,medium_cycle,episode_00033,loops,0.0
457,textmapworld,folder,medium_cycle,episode_00033,number_visited,1.0
458,textmapworld,folder,medium_cycle,episode_00033,seen,2.0
459,textmapworld,folder,medium_cycle,episode_00033,efficiency,0.0
460,textmapworld,folder,medium_cycle,episode_00033,exploration,16.666666666666664
461,textmapworld,folder,medium_cycle,episode_00033,Main Score,0.0
462,textmapworld,folder,medium_cycle,episode_00034,Success,0.0
463,textmapworld,folder,medium_cycle,episode_00034,Aborted,0.0
464,textmapworld,folder,medium_cycle,episode_00034,Lose,1.0
465,textmapworld,folder,medium_cycle,episode_00034,moves,3.0
466,textmapworld,folder,medium_cycle,episode_00034,valid_moves,3.0
467,textmapworld,folder,medium_cycle,episode_00034,invalid_moves,0.0
468,textmapworld,folder,medium_cycle,episode_00034,stopped,1.0
469,textmapworld,folder,medium_cycle,episode_00034,turns_limit,0.0
470,textmapworld,folder,medium_cycle,episode_00034,loops,1.0
471,textmapworld,folder,medium_cycle,episode_00034,number_visited,1.0
472,textmapworld,folder,medium_cycle,episode_00034,seen,3.0
473,textmapworld,folder,medium_cycle,episode_00034,efficiency,0.0
474,textmapworld,folder,medium_cycle,episode_00034,exploration,16.666666666666664
475,textmapworld,folder,medium_cycle,episode_00034,Main Score,0.0
476,textmapworld,folder,medium_cycle,episode_00035,Success,0.0
477,textmapworld,folder,medium_cycle,episode_00035,Aborted,0.0
478,textmapworld,folder,medium_cycle,episode_00035,Lose,1.0
479,textmapworld,folder,medium_cycle,episode_00035,moves,3.0
480,textmapworld,folder,medium_cycle,episode_00035,valid_moves,3.0
481,textmapworld,folder,medium_cycle,episode_00035,invalid_moves,0.0
482,textmapworld,folder,medium_cycle,episode_00035,stopped,1.0
483,textmapworld,folder,medium_cycle,episode_00035,turns_limit,0.0
484,textmapworld,folder,medium_cycle,episode_00035,loops,1.0
485,textmapworld,folder,medium_cycle,episode_00035,number_visited,1.0
486,textmapworld,folder,medium_cycle,episode_00035,seen,2.0
487,textmapworld,folder,medium_cycle,episode_00035,efficiency,0.0
488,textmapworld,folder,medium_cycle,episode_00035,exploration,16.666666666666664
489,textmapworld,folder,medium_cycle,episode_00035,Main Score,0.0
490,textmapworld,folder,medium_cycle,episode_00036,Success,0.0
491,textmapworld,folder,medium_cycle,episode_00036,Aborted,0.0
492,textmapworld,folder,medium_cycle,episode_00036,Lose,1.0
493,textmapworld,folder,medium_cycle,episode_00036,moves,3.0
494,textmapworld,folder,medium_cycle,episode_00036,valid_moves,3.0
495,textmapworld,folder,medium_cycle,episode_00036,invalid_moves,0.0
496,textmapworld,folder,medium_cycle,episode_00036,stopped,1.0
497,textmapworld,folder,medium_cycle,episode_00036,turns_limit,0.0
498,textmapworld,folder,medium_cycle,episode_00036,loops,1.0
499,textmapworld,folder,medium_cycle,episode_00036,number_visited,1.0
500,textmapworld,folder,medium_cycle,episode_00036,seen,2.0
501,textmapworld,folder,medium_cycle,episode_00036,efficiency,0.0
502,textmapworld,folder,medium_cycle,episode_00036,exploration,16.666666666666664
503,textmapworld,folder,medium_cycle,episode_00036,Main Score,0.0
504,textmapworld,folder,medium_cycle,episode_00037,Success,0.0
505,textmapworld,folder,medium_cycle,episode_00037,Aborted,0.0
506,textmapworld,folder,medium_cycle,episode_00037,Lose,1.0
507,textmapworld,folder,medium_cycle,episode_00037,moves,3.0
508,textmapworld,folder,medium_cycle,episode_00037,valid_moves,3.0
509,textmapworld,folder,medium_cycle,episode_00037,invalid_moves,0.0
510,textmapworld,folder,medium_cycle,episode_00037,stopped,1.0
511,textmapworld,folder,medium_cycle,episode_00037,turns_limit,0.0
512,textmapworld,folder,medium_cycle,episode_00037,loops,1.0
513,textmapworld,folder,medium_cycle,episode_00037,number_visited,1.0
514,textmapworld,folder,medium_cycle,episode_00037,seen,2.0
515,textmapworld,folder,medium_cycle,episode_00037,efficiency,0.0
516,textmapworld,folder,medium_cycle,episode_00037,exploration,16.666666666666664
517,textmapworld,folder,medium_cycle,episode_00037,Main Score,0.0
518,textmapworld,folder,medium_cycle,episode_00038,Success,0.0
519,textmapworld,folder,medium_cycle,episode_00038,Aborted,0.0
520,textmapworld,folder,medium_cycle,episode_00038,Lose,1.0
521,textmapworld,folder,medium_cycle,episode_00038,moves,3.0
522,textmapworld,folder,medium_cycle,episode_00038,valid_moves,3.0
523,textmapworld,folder,medium_cycle,episode_00038,invalid_moves,0.0
524,textmapworld,folder,medium_cycle,episode_00038,stopped,1.0
525,textmapworld,folder,medium_cycle,episode_00038,turns_limit,0.0
526,textmapworld,folder,medium_cycle,episode_00038,loops,1.0
527,textmapworld,folder,medium_cycle,episode_00038,number_visited,1.0
528,textmapworld,folder,medium_cycle,episode_00038,seen,2.0
529,textmapworld,folder,medium_cycle,episode_00038,efficiency,0.0
530,textmapworld,folder,medium_cycle,episode_00038,exploration,16.666666666666664
531,textmapworld,folder,medium_cycle,episode_00038,Main Score,0.0
532,textmapworld,folder,medium_cycle,episode_00039,Success,0.0
533,textmapworld,folder,medium_cycle,episode_00039,Aborted,0.0
534,textmapworld,folder,medium_cycle,episode_00039,Lose,1.0
535,textmapworld,folder,medium_cycle,episode_00039,moves,3.0
536,textmapworld,folder,medium_cycle,episode_00039,valid_moves,3.0
537,textmapworld,folder,medium_cycle,episode_00039,invalid_moves,0.0
538,textmapworld,folder,medium_cycle,episode_00039,stopped,1.0
539,textmapworld,folder,medium_cycle,episode_00039,turns_limit,0.0
540,textmapworld,folder,medium_cycle,episode_00039,loops,1.0
541,textmapworld,folder,medium_cycle,episode_00039,number_visited,1.0
542,textmapworld,folder,medium_cycle,episode_00039,seen,2.0
543,textmapworld,folder,medium_cycle,episode_00039,efficiency,0.0
544,textmapworld,folder,medium_cycle,episode_00039,exploration,16.666666666666664
545,textmapworld,folder,medium_cycle,episode_00039,Main Score,0.0
546,textmapworld,folder,medium_cycle,episode_00040,Success,0.0
547,textmapworld,folder,medium_cycle,episode_00040,Aborted,0.0
548,textmapworld,folder,medium_cycle,episode_00040,Lose,1.0
549,textmapworld,folder,medium_cycle,episode_00040,moves,2.0
550,textmapworld,folder,medium_cycle,episode_00040,valid_moves,2.0
551,textmapworld,folder,medium_cycle,episode_00040,invalid_moves,0.0
552,textmapworld,folder,medium_cycle,episode_00040,stopped,1.0
553,textmapworld,folder,medium_cycle,episode_00040,turns_limit,0.0
554,textmapworld,folder,medium_cycle,episode_00040,loops,0.0
555,textmapworld,folder,medium_cycle,episode_00040,number_visited,1.0
556,textmapworld,folder,medium_cycle,episode_00040,seen,2.0
557,textmapworld,folder,medium_cycle,episode_00040,efficiency,0.0
558,textmapworld,folder,medium_cycle,episode_00040,exploration,16.666666666666664
559,textmapworld,folder,medium_cycle,episode_00040,Main Score,0.0
560,textmapworld,folder,small,episode_00006,Success,0.0
561,textmapworld,folder,small,episode_00006,Aborted,0.0
562,textmapworld,folder,small,episode_00006,Lose,1.0
563,textmapworld,folder,small,episode_00006,moves,3.0
564,textmapworld,folder,small,episode_00006,valid_moves,3.0
565,textmapworld,folder,small,episode_00006,invalid_moves,0.0
566,textmapworld,folder,small,episode_00006,stopped,1.0
567,textmapworld,folder,small,episode_00006,turns_limit,0.0
568,textmapworld,folder,small,episode_00006,loops,1.0
569,textmapworld,folder,small,episode_00006,number_visited,1.0
570,textmapworld,folder,small,episode_00006,seen,3.0
571,textmapworld,folder,small,episode_00006,efficiency,0.0
572,textmapworld,folder,small,episode_00006,exploration,25.0
573,textmapworld,folder,small,episode_00006,Main Score,0.0
574,textmapworld,folder,small,episode_00007,Success,0.0
575,textmapworld,folder,small,episode_00007,Aborted,0.0
576,textmapworld,folder,small,episode_00007,Lose,1.0
577,textmapworld,folder,small,episode_00007,moves,2.0
578,textmapworld,folder,small,episode_00007,valid_moves,2.0
579,textmapworld,folder,small,episode_00007,invalid_moves,0.0
580,textmapworld,folder,small,episode_00007,stopped,1.0
581,textmapworld,folder,small,episode_00007,turns_limit,0.0
582,textmapworld,folder,small,episode_00007,loops,0.0
583,textmapworld,folder,small,episode_00007,number_visited,1.0
584,textmapworld,folder,small,episode_00007,seen,2.0
585,textmapworld,folder,small,episode_00007,efficiency,0.0
586,textmapworld,folder,small,episode_00007,exploration,25.0
587,textmapworld,folder,small,episode_00007,Main Score,0.0
588,textmapworld,folder,small,episode_00008,Success,0.0
589,textmapworld,folder,small,episode_00008,Aborted,0.0
590,textmapworld,folder,small,episode_00008,Lose,1.0
591,textmapworld,folder,small,episode_00008,moves,3.0
592,textmapworld,folder,small,episode_00008,valid_moves,3.0
593,textmapworld,folder,small,episode_00008,invalid_moves,0.0
594,textmapworld,folder,small,episode_00008,stopped,1.0
595,textmapworld,folder,small,episode_00008,turns_limit,0.0
596,textmapworld,folder,small,episode_00008,loops,1.0
597,textmapworld,folder,small,episode_00008,number_visited,1.0
598,textmapworld,folder,small,episode_00008,seen,2.0
599,textmapworld,folder,small,episode_00008,efficiency,0.0
600,textmapworld,folder,small,episode_00008,exploration,25.0
601,textmapworld,folder,small,episode_00008,Main Score,0.0
602,textmapworld,folder,small,episode_00009,Success,0.0
603,textmapworld,folder,small,episode_00009,Aborted,0.0
604,textmapworld,folder,small,episode_00009,Lose,1.0
605,textmapworld,folder,small,episode_00009,moves,3.0
606,textmapworld,folder,small,episode_00009,valid_moves,3.0
607,textmapworld,folder,small,episode_00009,invalid_moves,0.0
608,textmapworld,folder,small,episode_00009,stopped,1.0
609,textmapworld,folder,small,episode_00009,turns_limit,0.0
610,textmapworld,folder,small,episode_00009,loops,1.0
611,textmapworld,folder,small,episode_00009,number_visited,1.0
612,textmapworld,folder,small,episode_00009,seen,3.0
613,textmapworld,folder,small,episode_00009,efficiency,0.0
614,textmapworld,folder,small,episode_00009,exploration,25.0
615,textmapworld,folder,small,episode_00009,Main Score,0.0
616,textmapworld,folder,small,episode_00010,Success,0.0
617,textmapworld,folder,small,episode_00010,Aborted,0.0
618,textmapworld,folder,small,episode_00010,Lose,1.0
619,textmapworld,folder,small,episode_00010,moves,3.0
620,textmapworld,folder,small,episode_00010,valid_moves,3.0
621,textmapworld,folder,small,episode_00010,invalid_moves,0.0
622,textmapworld,folder,small,episode_00010,stopped,1.0
623,textmapworld,folder,small,episode_00010,turns_limit,0.0
624,textmapworld,folder,small,episode_00010,loops,1.0
625,textmapworld,folder,small,episode_00010,number_visited,1.0
626,textmapworld,folder,small,episode_00010,seen,3.0
627,textmapworld,folder,small,episode_00010,efficiency,0.0
628,textmapworld,folder,small,episode_00010,exploration,25.0
629,textmapworld,folder,small,episode_00010,Main Score,0.0
630,textmapworld,folder,large,episode_00021,Played,1.0
631,textmapworld,folder,large,episode_00022,Played,1.0
632,textmapworld,folder,large,episode_00023,Played,1.0
633,textmapworld,folder,large,episode_00024,Played,1.0
634,textmapworld,folder,large,episode_00025,Played,1.0
635,textmapworld,folder,large,episode_00026,Played,1.0
636,textmapworld,folder,large,episode_00027,Played,1.0
637,textmapworld,folder,large,episode_00028,Played,1.0
638,textmapworld,folder,large,episode_00029,Played,1.0
639,textmapworld,folder,large,episode_00030,Played,1.0
640,textmapworld,folder,large_cycle,episode_00041,Played,1.0
641,textmapworld,folder,large_cycle,episode_00042,Played,1.0
642,textmapworld,folder,large_cycle,episode_00043,Played,1.0
643,textmapworld,folder,large_cycle,episode_00044,Played,1.0
644,textmapworld,folder,large_cycle,episode_00045,Played,1.0
645,textmapworld,folder,large_cycle,episode_00046,Played,1.0
646,textmapworld,folder,large_cycle,episode_00047,Played,1.0
647,textmapworld,folder,large_cycle,episode_00048,Played,1.0
648,textmapworld,folder,large_cycle,episode_00049,Played,1.0
649,textmapworld,folder,large_cycle,episode_00050,Played,1.0
650,textmapworld,folder,medium,episode_00011,Played,1.0
651,textmapworld,folder,medium,episode_00012,Played,1.0
652,textmapworld,folder,medium,episode_00013,Played,1.0
653,textmapworld,folder,medium,episode_00014,Played,1.0
654,textmapworld,folder,medium,episode_00015,Played,1.0
655,textmapworld,folder,medium,episode_00016,Played,1.0
656,textmapworld,folder,medium,episode_00017,Played,1.0
657,textmapworld,folder,medium,episode_00018,Played,1.0
658,textmapworld,folder,medium,episode_00019,Played,1.0
659,textmapworld,folder,medium,episode_00020,Played,1.0
660,textmapworld,folder,medium_cycle,episode_00031,Played,1.0
661,textmapworld,folder,medium_cycle,episode_00032,Played,1.0
662,textmapworld,folder,medium_cycle,episode_00033,Played,1.0
663,textmapworld,folder,medium_cycle,episode_00034,Played,1.0
664,textmapworld,folder,medium_cycle,episode_00035,Played,1.0
665,textmapworld,folder,medium_cycle,episode_00036,Played,1.0
666,textmapworld,folder,medium_cycle,episode_00037,Played,1.0
667,textmapworld,folder,medium_cycle,episode_00038,Played,1.0
668,textmapworld,folder,medium_cycle,episode_00039,Played,1.0
669,textmapworld,folder,medium_cycle,episode_00040,Played,1.0
670,textmapworld,folder,small,episode_00006,Played,1.0
671,textmapworld,folder,small,episode_00007,Played,1.0
672,textmapworld,folder,small,episode_00008,Played,1.0
673,textmapworld,folder,small,episode_00009,Played,1.0
674,textmapworld,folder,small,episode_00010,Played,1.0
